{
  "participants": {
    "test_taker": "019bc43f-4d48-7eb3-a64b-dcc4538cd1af"
  },
  "results": [
    {
      "bleu_score": 0.33687952793845444,
      "rouge_score": 0.44546595218604695,
      "chrf_score": 0.4932284854294023,
      "exact_match_score": 0.2883928571428571
    }
  ]
}